id_customer,nama,email,city,tanggal_gabung
1,Reza Namaga,reza.namaga539@yahoo.com,Kediri,2024-02-10 00:00:00
2,Dr. Ani Simbolon,dr.ani257@yahoo.co.id,Cirebon,2025-02-04 00:00:00
3,"Ir. Raden Sihombing, S.Farm",ir_raden510@gmail.co.id,Semarang,2022-10-17 00:00:00
4,R. Ami Damanik,r.ami717@outlook.com,Purwokerto,2022-09-07 00:00:00
5,"Mitra Namaga, M.TI.",mitranamaga738@outlook.com,Palu,2023-11-14 00:00:00
6,Restu Situmorang,restu_situmorang821@gmail.com,Tidore Kepulauan,2023-07-19 00:00:00
7,Mitra Ardianto,mitra.ardianto311@yahoo.com,Manado,2023-11-28 00:00:00
8,"Ir. Rahmat Yolanda, S.IP",,Mojokerto,2023-07-04 00:00:00
9,Narji Wijayanti,narji_wijayanti689@gmail.co.id,Padang Sidempuan,2025-02-25 00:00:00
10,Kambali Hassanah,kambali_hassanah494@gmail.co.id,Tangerang Selatan,2025-03-01 00:00:00
11,Padmi Maulana,padmimaulana362@outlook.com,Kota Administrasi Jakarta Selatan,2024-02-01 00:00:00
12,Wahyu Purwanti,wahyupurwanti573@hotmail.com,Banjarbaru,2024-09-01 00:00:00
13,"Dr. Cengkir Nurdiyanti, S.Kom",dr_cengkir729@outlook.com,Blitar,2023-02-25 00:00:00
14,Puji Firmansyah,puji_firmansyah323@hotmail.com,Bau-Bau,2025-01-22 00:00:00
15,"R. Elvin Marpaung, M.Pd",r.elvin133@yahoo.co.id,Pasuruan,2024-01-17 00:00:00
16,"Raisa Lailasari, S.Pd",raisa.lailasari333@gmail.com,Tanjungbalai,2025-04-09 00:00:00
17,R. Tania Irawan,rtania558@outlook.co.id,Pekanbaru,2024-08-08 00:00:00
18,Salsabila Situmorang,salsabilasitumorang199@yahoo.com,Tual,2023-10-25 00:00:00
19,"Tgk. Michelle Kusmawati, S.I.Kom",tgk.michelle766@outlook.com,Pariaman,2024-04-06 00:00:00
20,Sakura Mansur,sakura_mansur751@gmail.co.id,Jayapura,2025-04-20 00:00:00
21,Nurul Hariyah,nurulhariyah621@hotmail.com,Tomohon,2023-02-12 00:00:00
22,"Kani Pratiwi, M.Farm",kani.pratiwi862@yahoo.com,Pangkalpinang,2024-02-23 00:00:00
23,"Puti Namaga, M.M.",puti_namaga242@hotmail.com,Singkawang,2022-08-27 00:00:00
24,"dr. Ulva Saputra, S.Farm",dr.ulva319@gmail.com,Blitar,2023-07-20 00:00:00
25,Ade Safitri,adesafitri556@yahoo.com,Bitung,2024-09-18 00:00:00
26,Ismail Irawan,ismail_irawan56@gmail.com,Semarang,2024-04-21 00:00:00
27,Icha Gunarto,ichagunarto309@yahoo.co.id,Langsa,2023-08-22 00:00:00
28,Cakrajiya Budiyanto,cakrajiya.budiyanto663@outlook.co.id,Bandar Lampung,2023-12-19 00:00:00
29,"Yani Napitupulu, S.I.Kom",yani_napitupulu115@outlook.co.id,Parepare,2022-08-02 00:00:00
30,Ibun Tampubolon,ibun.tampubolon597@hotmail.com,Tanjungpinang,2022-06-24 00:00:00
31,R. Nrima Anggraini,r_nrima500@outlook.com,Palembang,2025-01-17 00:00:00
32,"Dadi Oktaviani, S.Sos",dadi_oktaviani198@gmail.com,Kota Administrasi Jakarta Utara,2023-10-17 00:00:00
33,Darman Handayani,darman_handayani973@outlook.co.id,Palopo,2024-07-17 00:00:00
34,"Dt. Gaiman Mayasari, M.Kom.",dt_gaiman126@outlook.co.id,Pekalongan,2024-06-23 00:00:00
35,Puti Putri Firmansyah,puti.putri420@outlook.com,Payakumbuh,2022-06-02 00:00:00
36,"Drs. Azalea Rajasa, S.Ked",drs.azalea600@yahoo.co.id,Cimahi,2023-10-21 00:00:00
37,Cut Putri Pratama,cutputri64@yahoo.com,Jayapura,2024-09-28 00:00:00
38,Perkasa Prasasta,perkasa.prasasta840@gmail.co.id,Jayapura,2023-07-11 00:00:00
39,Michelle Wastuti,michelle_wastuti97@yahoo.com,Palopo,2025-01-07 00:00:00
40,Kuncara Wahyuni,kuncara.wahyuni581@outlook.co.id,Purwokerto,2023-01-08 00:00:00
41,"H. Bagya Tampubolon, S.Farm",h_bagya630@gmail.co.id,Manado,2024-06-17 00:00:00
42,Yulia Nainggolan,yulianainggolan241@outlook.co.id,,2023-10-19 00:00:00
43,Dr. Uchita Melani,druchita399@outlook.com,Langsa,2024-02-17 00:00:00
44,"Tedi Sihombing, S.Pd",tedi_sihombing314@outlook.co.id,Kediri,2024-02-11 00:00:00
45,Ir. Jayadi Suwarno,irjayadi449@hotmail.com,Malang,2023-01-29 00:00:00
46,Maria Marbun,mariamarbun645@gmail.com,Prabumulih,2023-09-22 00:00:00
47,Asmadi Setiawan,asmadisetiawan993@yahoo.co.id,,2023-04-02 00:00:00
48,Dasa Halimah,dasa.halimah980@@outlook.co.id,Kendari,2022-10-20 00:00:00
49,"Wage Nugroho, S.Farm",wage.nugroho650@yahoo.com,Palangkaraya,2023-12-05 00:00:00
50,Irnanto Kuswandari,irnanto_kuswandari686@gmail.com,Pekalongan,2022-05-10 00:00:00
51,"Caturangga Pangestu, S.Psi",caturangga.pangestu255@yahoo.com,Denpasar,2025-03-22 00:00:00
52,Lidya Purnawati,lidyapurnawati86@yahoo.com,Bandung,2025-03-20 00:00:00
53,Putri Susanti,putri.susanti428@outlook.com,Kota Administrasi Jakarta Selatan,2022-12-09 00:00:00
54,"T. Yusuf Wastuti, S.Ked",tyusuf618@outlook.com,Kediri,2024-05-12 00:00:00
55,Tugiman Utama,tugiman_utama43@yahoo.com,Batu,2023-01-02 00:00:00
56,"Hilda Mustofa, S.H.",hilda_mustofa733@hotmail.com,Kota Administrasi Jakarta Timur,2023-10-22 00:00:00
57,"Janet Anggriawan, S.E.I",janetanggriawan890@outlook.com,Bogor,2024-08-18 00:00:00
58,Nova Mangunsong,nova.mangunsong713@yahoo.com,Lubuklinggau,2023-03-13 00:00:00
59,Daru Prakasa,daru_prakasa816@outlook.co.id,Kota Administrasi Jakarta Pusat,2025-04-17 00:00:00
60,Puti Budiyanto,putibudiyanto613@yahoo.co.id,Kota Administrasi Jakarta Utara,2024-11-30 00:00:00
61,"R. Garda Sinaga, S.I.Kom",r.garda445@gmail.com,Pekanbaru,2023-01-07 00:00:00
62,Timbul Nainggolan,timbulnainggolan240@yahoo.co.id,Mataram,2023-08-02 00:00:00
63,"Puti Anita Haryanti, S.IP",puti.anita940@hotmail.com,Banda Aceh,2022-06-07 00:00:00
64,"Uda Kuswoyo, S.Kom",uda.kuswoyo83@gmail.com,Bukittinggi,2022-12-05 00:00:00
65,"Hadi Waskita, S.Pd",hadi.waskita821@hotmail.com,Kota Administrasi Jakarta Timur,2024-11-06 00:00:00
66,Winda Rahimah,windarahimah776@outlook.co.id,Cirebon,2022-09-06 00:00:00
67,Sutan Bambang Sitompul,sutanbambang953@hotmail.com,Bengkulu,2024-11-19 00:00:00
68,drg. Kurnia Wastuti,drg_kurnia137@@outlook.com,Denpasar,2023-01-12 00:00:00
69,"Indra Narpati, S.Kom",indranarpati321@yahoo.co.id,Manado,2023-01-06 00:00:00
70,"drg. Ina Suartini, M.Farm",drg_ina975@hotmail.com,Kota Administrasi Jakarta Timur,2023-04-03 00:00:00
71,Lurhur Safitri,lurhursafitri562@outlook.com,Kota Administrasi Jakarta Utara,2023-12-11 00:00:00
72,R. Enteng Mustofa,r_enteng92@gmail.co.id,Lhokseumawe,2023-02-15 00:00:00
73,Safina Prayoga,safina.prayoga920@outlook.com,Pontianak,2023-03-13 00:00:00
74,Panca Manullang,,Mataram,2022-12-17 00:00:00
75,Damar Siregar,damar_siregar36@gmail.com,Tanjungpinang,2022-06-19 00:00:00
76,Yuni Pranowo,yuni.pranowo994@yahoo.co.id,Bekasi,2024-09-05 00:00:00
77,Anastasia Maryadi,anastasiamaryadi611@gmail.com,Semarang,2022-06-20 00:00:00
78,"Ghaliyati Wasita, S.I.Kom",ghaliyatiwasita851@hotmail.com,Parepare,2025-04-28 00:00:00
79,Marwata Prakasa,marwataprakasa51@outlook.co.id,Tarakan,2022-11-14 00:00:00
80,Warji Megantara,,Bukittinggi,2024-05-17 00:00:00
81,Sutan Cengkal Sihotang,sutancengkal462@hotmail.com,Sibolga,2024-08-27 00:00:00
82,Umay Nababan,umay.nababan609@outlook.com,Malang,2024-01-15 00:00:00
83,"R. Kenzie Fujiati, S.E.",rkenzie843@outlook.com,Pekalongan,2024-12-05 00:00:00
84,Tedi Sitompul,tedi.sitompul491@hotmail.com,Metro,2023-09-05 00:00:00
85,Hj. Victoria Mustofa,hj_victoria351@hotmail.com,Pekanbaru,2023-10-23 00:00:00
86,Bakianto Thamrin,bakiantothamrin117@outlook.co.id,Parepare,2023-06-27 00:00:00
87,Nyoman Budiman,nyoman.budiman347@outlook.com,Kota Administrasi Jakarta Selatan,2023-09-04 00:00:00
88,Sari Saputra,sarisaputra517@hotmail.com,Jayapura,2025-03-06 00:00:00
89,Vino Sihotang,vinosihotang977@outlook.com,Pontianak,2024-08-24 00:00:00
90,Devi Dabukke,devidabukke47@outlook.com,Ambon,2023-05-22 00:00:00
91,Laswi Oktaviani,laswi.oktaviani332@hotmail.com,Bogor,2022-08-09 00:00:00
92,Winda Ardianto,winda_ardianto128@outlook.co.id,Sabang,2024-11-22 00:00:00
93,Ajeng Marpaung,ajeng_marpaung895@gmail.co.id,Lhokseumawe,2023-02-13 00:00:00
94,Yuliana Anggraini,yuliana.anggraini683@outlook.co.id,Dumai,2023-11-25 00:00:00
95,Dr. Mumpuni Sudiati,drmumpuni483@outlook.com,Madiun,2023-04-04 00:00:00
96,"H. Kasusra Rajasa, M.M.",h.kasusra202@gmail.co.id,Pasuruan,2024-12-11 00:00:00
97,Qori Prasetya,qori_prasetya647@outlook.co.id,Kota Administrasi Jakarta Barat,2023-05-24 00:00:00
98,Jabal Kurniawan,jabal_kurniawan650@outlook.com,Purwokerto,2022-11-09 00:00:00
99,Jaga Utama,jaga.utama218@hotmail.com,Serang,2024-06-14 00:00:00
100,Ina Rajasa,inarajasa144@hotmail.com,Sabang,2022-05-14 00:00:00
101,Taswir Palastri,taswir_palastri911@yahoo.co.id,Kotamobagu,2022-07-28 00:00:00
102,Bakiman Hartati,,Banjarmasin,2023-01-05 00:00:00
103,H. Bakidin Ramadan,hbakidin633@outlook.co.id,Subulussalam,2024-12-26 00:00:00
104,Edi Ramadan,edi.ramadan736@yahoo.com,Batam,2024-04-27 00:00:00
105,Bakiman Mardhiyah,,Tomohon,2022-11-23 00:00:00
106,"Cawuk Prayoga, S.Gz",cawukprayoga427@gmail.com,Banjar,2022-08-13 00:00:00
107,Candra Maryadi,candra.maryadi871@gmail.com,Samarinda,2023-03-11 00:00:00
108,"R.A. Eva Samosir, S.T.",,Pasuruan,2023-08-18 00:00:00
109,Rahmi Fujiati,rahmifujiati862@yahoo.com,Tomohon,2024-01-21 00:00:00
110,Himawan Permadi,himawan_permadi965@yahoo.co.id,Prabumulih,2022-12-05 00:00:00
111,Candra Suartini,candra_suartini531@yahoo.co.id,Madiun,2022-10-30 00:00:00
112,Siti Prasasta,siti_prasasta435@outlook.co.id,Pagaralam,2024-05-24 00:00:00
113,Emin Simbolon,emin_simbolon493@yahoo.com,,2024-01-07 00:00:00
114,Zulaikha Purwanti,zulaikha_purwanti574@yahoo.com,Binjai,2022-07-23 00:00:00
115,"Keisha Nasyiah, S.IP",keisha_nasyiah205@gmail.co.id,Palangkaraya,2022-06-04 00:00:00
116,Taswir Simanjuntak,taswirsimanjuntak774@yahoo.com,Tebingtinggi,2024-10-13 00:00:00
117,Cici Simanjuntak,cici.simanjuntak292@outlook.co.id,Jambi,2024-06-15 00:00:00
118,Bagus Wibowo,bagus_wibowo358@outlook.co.id,Kota Administrasi Jakarta Utara,2022-09-28 00:00:00
119,Wage Zulaika,wagezulaika283@outlook.co.id,Blitar,2023-05-21 00:00:00
120,Kamaria Hartati,kamaria.hartati299@yahoo.co.id,Kota Administrasi Jakarta Selatan,2024-04-08 00:00:00
121,"Rudi Kuswandari, S.Psi",rudi_kuswandari867@gmail.co.id,Padang,2022-11-20 00:00:00
122,Wirda Pratama,wirdapratama685@outlook.com,Malang,2022-12-20 00:00:00
123,"Damar Kurniawan, M.Pd",damar.kurniawan467@gmail.co.id,Payakumbuh,2024-08-28 00:00:00
124,Fitriani Santoso,fitriani_santoso363@hotmail.com,Pekalongan,2023-06-08 00:00:00
125,Olga Yolanda,olgayolanda791@gmail.co.id,Balikpapan,2023-04-30 00:00:00
126,Shania Nainggolan,shania_nainggolan476@hotmail.com,Madiun,2022-07-16 00:00:00
127,"Rahayu Laksmiwati, S.IP",rahayu.laksmiwati724@yahoo.com,Tangerang,2022-06-02 00:00:00
128,Kardi Usada,kardiusada402@yahoo.com,Singkawang,2022-05-07 00:00:00
129,Kayla Sihombing,kayla_sihombing54@hotmail.com,Pasuruan,2024-11-04 00:00:00
130,Puti Vera Halimah,putivera494@yahoo.co,Pekalongan,2024-10-21 00:00:00
131,Maimunah Widiastuti,maimunah_widiastuti405@yahoo.co.id,Tarakan,2022-11-25 00:00:00
132,Viktor Wijaya,viktorwijaya165@outlook.com,Sibolga,31-31-1400
133,Arta Sirait,arta.sirait139@gmail.co.id,Bukittinggi,2022-07-09 00:00:00
134,"Dr. Prakosa Gunawan, S.H.",drprakosa349@outlook.co.id,Palembang,2025-04-05 00:00:00
135,T. Kairav Sinaga,t.kairav905@outlook.co.id,Manado,2022-11-12 00:00:00
136,"dr. Empluk Mardhiyah, S.Farm",dr_empluk112@gmail.co.id,Tangerang,2023-01-18 00:00:00
137,T. Cahyadi Laksmiwati,t_cahyadi25@yahoo.co.id,Ambon,2024-07-24 00:00:00
138,Sabrina Sudiati,sabrina.sudiati429@outlook.co.id,Bogor,2024-03-31 00:00:00
139,Zelaya Rahmawati,zelayarahmawati168@gmail.com,Batu,2024-09-11 00:00:00
140,Balijan Simanjuntak,balijan_simanjuntak810@hotmail.com,Padangpanjang,2025-02-27 00:00:00
141,KH. Lamar Kusumo,kh_lamar648@yahoo.co.id,Bitung,2023-11-15 00:00:00
142,Kemba Permata,kemba_permata675@gmail.com,,2022-08-27 00:00:00
143,Nadia Maulana,nadia_maulana882@yahoo.co.id,Bogor,2022-08-03 00:00:00
144,"Dr. Cahyanto Gunawan, S.IP",drcahyanto399@hotmail.com,Palopo,2025-03-02 00:00:00
145,"Intan Widiastuti, M.Ak",intanwidiastuti745@outlook.co.id,Padangpanjang,2023-02-03 00:00:00
146,Amelia Aryani,amelia_aryani903@gmail.co.id,Jayapura,2024-09-18 00:00:00
147,Martaka Dongoran,martaka.dongoran642@gmail.com,Purwokerto,2025-03-10 00:00:00
148,Yunita Haryanti,yunita.haryanti656@yahoo.co.id,Lhokseumawe,2023-01-03 00:00:00
149,Najwa Pudjiastuti,najwa_pudjiastuti242@yahoo.co.id,Kota Administrasi Jakarta Barat,2023-05-27 00:00:00
150,Dt. Teddy Waskita,dt.teddy454@gmail.com,Tegal,2024-11-01 00:00:00
151,"Tgk. Ade Gunarto, M.Kom.",tgkade730@outlook.co.id,Cilegon,2024-07-22 00:00:00
152,Mumpuni Zulaika,mumpuni.zulaika464@yahoo.com,Padang,45-12-1501
153,"R. Ifa Sihombing, S.Psi",rifa316@gmail.com,Pekanbaru,2024-05-13 00:00:00
154,Edison Pradipta,edison.pradipta342@outlook.co.id,Gorontalo,2024-02-02 00:00:00
155,"Rahayu Utami, S.Ked",rahayu.utami310@hotmail.com,Meulaboh,99-31-1800
156,Icha Pudjiastuti,icha_pudjiastuti451@yahoo.com,Semarang,2022-09-27 00:00:00
157,"Jais Prakasa, M.TI.",jais.prakasa553@outlook.com,Tarakan,2023-12-24 00:00:00
158,Sadina Nainggolan,sadinanainggolan708@outlook.co.id,Tanjungbalai,2024-07-04 00:00:00
159,"dr. Kemal Manullang, S.Psi",dr.kemal184@yahoo.com,Pontianak,2023-11-27 00:00:00
160,"Zulaikha Rahimah, M.M.",zulaikha.rahimah634@outlook.co.id,Medan,2024-10-25 00:00:00
161,Ega Zulkarnain,ega_zulkarnain644@yahoo.co.id,Tanjungpinang,2022-12-15 00:00:00
162,Dagel Yuniar,dagel.yuniar519@gmail.co.id,Bau-Bau,2023-03-27 00:00:00
163,Julia Wijayanti,julia.wijayanti247@outlook.com,Tasikmalaya,2023-09-12 00:00:00
164,Ilsa Prayoga,ilsaprayoga270@outlook.com,Sungai Penuh,2024-09-02 00:00:00
165,Bagiya Narpati,bagiya_narpati692@gmail.com,Tangerang Selatan,2023-02-06 00:00:00
166,"Putri Rahimah, S.Pd",putri_rahimah932@hotmail.com,Cirebon,2025-03-15 00:00:00
167,Cecep Utami,ceceputami569@yahoo.com,,2022-05-07 00:00:00
168,Kamidin Puspita,kamidin.puspita462@hotmail.com,Bandar Lampung,2023-10-07 00:00:00
169,"Adhiarja Napitupulu, S.Gz",,Gorontalo,2024-08-18 00:00:00
170,"Cahya Manullang, M.TI.",cahya_manullang716@hotmail.com,Binjai,2022-11-02 00:00:00
171,"Tantri Hidayanto, S.E.I",tantri_hidayanto875@hotmail.com,Samarinda,2023-11-18 00:00:00
172,Fathonah Thamrin,fathonah.thamrin403@outlook.co.id,Ambon,2025-01-26 00:00:00
173,Purwanto Napitupulu,purwanto_napitupulu119@yahoo.com,,2023-05-10 00:00:00
174,Gamblang Jailani,gamblang_jailani595@hotmail.com,Payakumbuh,2025-04-04 00:00:00
175,Usyi Mahendra,usyimahendra312@yahoo.co.id,Tasikmalaya,2022-07-25 00:00:00
176,"Safina Winarsih, S.E.",safina_winarsih32@outlook.co.id,Madiun,2023-11-24 00:00:00
177,Nadia Marpaung,nadiamarpaung415@hotmail.com,Bandung,2023-11-30 00:00:00
178,"Cut Kezia Usada, M.TI.",cut.kezia589@outlook.co.id,Purwokerto,2024-07-03 00:00:00
179,"Dr. Ilsa Rahimah, M.Farm",drilsa806@yahoo.co.id,Manado,2025-02-02 00:00:00
180,Karen Gunawan,karen.gunawan942@gmail.co.id,Yogyakarta,2022-05-22 00:00:00
181,Estiono Padmasari,estionopadmasari518@outlook.co.id,Tarakan,2023-08-23 00:00:00
182,Fitriani Hidayanto,fitriani_hidayanto804@outlook.co.id,Bitung,2024-09-10 00:00:00
183,Hesti Wulandari,hesti.wulandari631@outlook.co.id,,2022-06-23 00:00:00
184,Saiful Simbolon,saiful_simbolon234@yahoo.co.id,,2024-06-22 00:00:00
185,Ade Rajasa,ade.rajasa645@hotmail.com,Sabang,2022-11-30 00:00:00
186,Nasrullah Yulianti,nasrullahyulianti783@yahoo.co.id,Bau-Bau,2022-12-18 00:00:00
187,R.M. Kurnia Maryadi,rmkurnia707@outlook.co.id,Solok,2024-09-21 00:00:00
188,Ratna Suryono,ratna.suryono653@gmail.com,Pontianak,2023-04-30 00:00:00
189,Murti Agustina,murtiagustina671@gmail.com,Meulaboh,2025-04-26 00:00:00
190,"Prayitna Pertiwi, S.I.Kom",prayitna_pertiwi817@outlook.com,Kotamobagu,2022-10-17 00:00:00
191,Cut Siti Marbun,cut.siti603@hotmail.com,Palopo,05-44-2105
192,"Cut Tina Yuniar, M.Ak",cuttina144@gmail.com,Meulaboh,2022-07-22 00:00:00
193,Fathonah Hutapea,fathonah_hutapea344@yahoo.co.id,Sukabumi,2023-05-15 00:00:00
194,Putri Wibowo,putri_wibowo189@yahoo.com,Sungai Penuh,2024-03-26 00:00:00
195,Sutan Bala Prayoga,sutan.bala815@gmail.co.id,Denpasar,2022-06-02 00:00:00
196,"Tgk. Edi Prastuti, S.E.",tgk_edi553@gmail.co.id,Mojokerto,2022-09-29 00:00:00
197,Vanesa Purwanti,vanesa_purwanti860@yahoo.com,Kupang,2024-02-03 00:00:00
198,Malika Sitorus,malika_sitorus945@outlook.co.id,Lhokseumawe,2022-11-16 00:00:00
199,Garang Latupono,garang_latupono835@hotmail.com,Ternate,2023-11-28 00:00:00
200,"R.M. Nugraha Siregar, S.Sos",rmnugraha901@hotmail.com,Padangpanjang,2023-10-18 00:00:00
201,Latif Prasasta,latif.prasasta489@gmail.com,Sibolga,2024-11-07 00:00:00
202,Gara Hidayat,gara.hidayat782@yahoo.com,Bitung,2024-12-17 00:00:00
203,Ir. Rika Siregar,irrika751@yahoo.co.id,Surabaya,2022-06-18 00:00:00
204,"Jamalia Puspasari, M.Farm",jamalia_puspasari876@outlook.co.id,Banjar,2023-05-06 00:00:00
205,Banara Wijayanti,banarawijayanti384@gmail.com,Salatiga,2023-01-12 00:00:00
206,Drs. Emil Gunawan,drs_emil24@hotmail.com,Bukittinggi,2022-09-18 00:00:00
207,Ilsa Mangunsong,ilsamangunsong136@outlook.com,Kotamobagu,2023-08-08 00:00:00
208,"Tgk. Embuh Pradana, M.Kom.",tgk_embuh698@yahoo.co.id,Jambi,2023-11-23 00:00:00
209,"Sutan Balamantri Narpati, S.Gz",sutanbalamantri278@gmail.co.id,Probolinggo,2023-08-12 00:00:00
210,Wira Widiastuti,,Pekalongan,2025-01-18 00:00:00
211,Gaduh Sirait,gaduh_sirait120@yahoo.co.id,Kupang,2023-09-13 00:00:00
212,Indah Prabowo,indah.prabowo492@gmail.com,Medan,2023-01-17 00:00:00
213,T. Mursita Mardhiyah,tmursita915@gmail.co.id,Bengkulu,2022-12-17 00:00:00
214,Bajragin Januar,bajragin_januar947@gmail.co.id,Tegal,2023-11-24 00:00:00
215,"Maimunah Aryani, S.Sos",maimunah.aryani673@gmail.com,Binjai,2024-09-01 00:00:00
216,"Ghaliyati Usada, M.Kom.",ghaliyatiusada853@outlook.com,Singkawang,2024-10-24 00:00:00
217,"Muni Winarsih, M.Farm",muniwinarsih319@yahoo.co.id,Tebingtinggi,2025-01-24 00:00:00
218,"drg. Wirda Sihotang, S.Psi",drg_wirda129@yahoo.com,Pematangsiantar,2022-10-11 00:00:00
219,Natalia Pradana,natalia.pradana978@gmail.com,Medan,2024-11-25 00:00:00
220,Ir. Gandi Winarno,ir_gandi514@gmail.com,Tanjungbalai,2025-04-16 00:00:00
221,Drs. Vero Wastuti,drs.vero250@gmail.co.id,Dumai,2022-07-26 00:00:00
222,R.A. Raisa Prasasta,ra.raisa407@outlook.com,Cilegon,2023-08-14 00:00:00
223,Tgk. Laila Handayani,tgk_laila696@yahoo.co.id,Palembang,2022-09-24 00:00:00
224,Mutia Rahmawati,mutiarahmawati978@gmail.co.id,Padang Sidempuan,2023-06-01 00:00:00
225,Zahra Mandala,zahra_mandala611@yahoo.co.id,Pagaralam,2024-03-12 00:00:00
226,Safina Hastuti,safinahastuti168@outlook.co,Sungai Penuh,2022-09-19 00:00:00
227,"Zulfa Nurdiyanti, M.Farm",zulfanurdiyanti111@outlook.co.id,Ambon,2024-09-08 00:00:00
228,"Ajeng Yulianti, M.Farm",ajeng_yulianti640@outlook.com,Jayapura,2024-02-15 00:00:00
229,Garan Maulana,garan_maulana43@yahoo.co.id,Batam,2024-04-22 00:00:00
230,Wani Hakim,wani_hakim232@outlook.com,Yogyakarta,2022-10-17 00:00:00
231,"R. Atmaja Wijayanti, S.Sos",r_atmaja983@yahoo.com,Pangkalpinang,2024-03-29 00:00:00
232,Maida Lailasari,maida_lailasari111@yahoo.co.id,Tebingtinggi,2024-05-20 00:00:00
233,Sutan Tirtayasa Yuliarti,sutan_tirtayasa567@yahoo.co.id,Medan,2023-04-23 00:00:00
234,Jefri Sudiati,jefri_sudiati72@outlook.com,Tual,2022-05-29 00:00:00
235,Kamaria Nasyidah,kamaria_nasyidah204@gmail.com,Medan,2024-06-24 00:00:00
236,Ghaliyati Dabukke,ghaliyati_dabukke103@yahoo.co.id,Payakumbuh,2025-04-09 00:00:00
237,Tgk. Prasetyo Sitorus,,Payakumbuh,2022-10-20 00:00:00
238,"Hj. Syahrini Hutapea, S.Psi",hjsyahrini31@gmail.com,Banjar,2023-01-26 00:00:00
239,Oman Santoso,oman_santoso259@yahoo.com,Tangerang,2025-02-06 00:00:00
240,Hardi Sudiati,hardisudiati220@gmail.com,Palangkaraya,2024-07-27 00:00:00
241,Kemba Simanjuntak,kembasimanjuntak222@gmail.co.id,Cirebon,2023-07-14 00:00:00
242,"Drs. Limar Haryanti, M.Kom.",drs.limar842@outlook.co.id,Tasikmalaya,2025-01-01 00:00:00
243,"Cut Ira Aryani, M.Kom.",cut.ira346@outlook.co.id,Jayapura,2022-09-02 00:00:00
244,"Kamaria Kusumo, M.TI.",kamaria.kusumo817@gmail.co.id,Kota Administrasi Jakarta Utara,2022-05-20 00:00:00
245,Kamaria Mangunsong,kamaria.mangunsong293@outlook.co.id,Padang Sidempuan,2024-06-17 00:00:00
246,Padmi Wibowo,padmi.wibowo143@gmail.co.id,Cirebon,2023-07-17 00:00:00
247,"H. Tomi Kusumo, S.Kom",h_tomi827@yahoo.com,,2022-11-14 00:00:00
248,Rini Pertiwi,rini.pertiwi686@outlook.co.id,Subulussalam,2025-04-20 00:00:00
249,"KH. Salman Ramadan, M.Pd",kh.salman144@gmail.com,Kota Administrasi Jakarta Barat,2024-06-24 00:00:00
250,Ana Nuraini,ana_nuraini818@outlook.co.id,Banjar,2025-02-18 00:00:00
251,Hasim Pradipta,hasim.pradipta612@hotmail.com,Pariaman,2023-10-19 00:00:00
252,R. Wani Putra,r.wani188@hotmail.com,Kediri,2024-04-03 00:00:00
253,Melinda Pratiwi,melinda.pratiwi139@yahoo.co.id,Cimahi,2023-08-22 00:00:00
254,Fitriani Uwais,fitriani_uwais548@gmail.com,Tegal,2024-02-29 00:00:00
255,Hendri Pudjiastuti,hendripudjiastuti75@outlook.com,Payakumbuh,2024-06-03 00:00:00
256,Padma Lazuardi,padma_lazuardi806@hotmail.com,Sukabumi,2022-11-22 00:00:00
257,"Tgk. Bakijan Najmudin, S.E.I",tgkbakijan617@gmail.com,Makassar,2022-09-15 00:00:00
258,Enteng Maulana,enteng_maulana525@yahoo.com,Sukabumi,2023-02-07 00:00:00
259,Alika Sitorus,alikasitorus54@yahoo.co.id,Kota Administrasi Jakarta Utara,2023-11-26 00:00:00
260,Hairyanto Siregar,hairyantosiregar543@hotmail.com,Bau-Bau,2022-10-14 00:00:00
261,"Tgk. Mahmud Pradana, S.E.I",tgk_mahmud668@gmail.com,Palangkaraya,2023-01-30 00:00:00
262,Nasim Sudiati,nasim.sudiati500@outlook.co.id,Batu,2023-01-03 00:00:00
263,Maya Hutapea,maya_hutapea446@yahoo.co.id,Banjarbaru,2023-11-22 00:00:00
264,"drg. Purwadi Hidayanto, S.Ked",drg.purwadi512@yahoo.co.id,Medan,2024-03-01 00:00:00
265,R. Cahyono Nababan,r_cahyono85@gmail.com,Lhokseumawe,2022-12-30 00:00:00
266,Kayla Mardhiyah,kayla_mardhiyah632@yahoo.com,Medan,2024-01-08 00:00:00
267,Galak Namaga,galak.namaga139@hotmail.com,Makassar,2023-09-11 00:00:00
268,Jono Firmansyah,jonofirmansyah658@gmail.co.id,Bau-Bau,2023-01-03 00:00:00
269,R. Kala Yulianti,rkala739@hotmail.com,Binjai,2023-05-08 00:00:00
270,Bancar Iswahyudi,bancar_iswahyudi621@gmail.co.id,Kendari,2023-10-06 00:00:00
271,Drs. Kasiyah Pratama,drs_kasiyah474@gmail.co.id,Bengkulu,2023-12-12 00:00:00
272,Amelia Saragih,ameliasaragih450@gmail.com,Payakumbuh,2023-12-18 00:00:00
273,"Harjo Uwais, S.E.I",harjouwais127@outlook.co.id,Bandar Lampung,2022-10-17 00:00:00
274,Hardana Mardhiyah,hardanamardhiyah676@outlook.co.id,Singkawang,2022-10-27 00:00:00
275,Narji Salahudin,narjisalahudin748@outlook.co.id,Kota Administrasi Jakarta Selatan,2025-01-30 00:00:00
276,"T. Harimurti Hutasoit, S.Pt",t.harimurti450@outlook.com,Sungai Penuh,2022-05-29 00:00:00
277,Gilda Wibowo,gilda.wibowo433@hotmail.com,Pekanbaru,2023-01-16 00:00:00
278,Vera Wasita,vera_wasita418@outlook.com,Sabang,2023-10-22 00:00:00
279,"Carla Palastri, S.Ked",,Lhokseumawe,2022-07-13 00:00:00
280,dr. Gandi Suwarno,dr_gandi330@yahoo.co.id,Pontianak,2025-03-04 00:00:00
281,Amelia Suryatmi,amelia_suryatmi393@yahoo.co,Palu,2025-02-11 00:00:00
282,Sutan Wisnu Iswahyudi,sutanwisnu955@outlook.com,Madiun,2024-05-21 00:00:00
283,"Jarwadi Mahendra, M.Ak",jarwadi.mahendra103@outlook.co.id,Banjarbaru,2022-08-05 00:00:00
284,"H. Ibrahim Yuniar, S.T.",h.ibrahim105@outlook.com,Pekalongan,2023-03-04 00:00:00
285,"R. Nardi Susanti, M.TI.",r.nardi772@yahoo.co.id,Ambon,2024-06-19 00:00:00
286,Tgk. Samsul Nugroho,tgk_samsul841@yahoo.com,Sibolga,2025-01-16 00:00:00
287,Victoria Najmudin,victorianajmudin71@gmail.co.id,Tanjungbalai,2024-07-20 00:00:00
288,R. Laila Pradipta,rlaila585@hotmail.com,Palu,2023-07-07 00:00:00
289,"Kartika Rahimah, M.Pd",kartikarahimah135@outlook.com,Metro,2025-04-05 00:00:00
290,"Drs. Raihan Prayoga, S.Farm",drs_raihan904@yahoo.co.id,Sawahlunto,2023-03-14 00:00:00
291,Prasetyo Farida,prasetyo_farida898@yahoo.co.id,Sibolga,2024-09-02 00:00:00
292,Gangsa Mandala,gangsa.mandala304@gmail.co.id,Subulussalam,2025-01-08 00:00:00
293,"Sabar Tarihoran, S.Ked",sabar_tarihoran370@gmail.com,Sawahlunto,2023-03-05 00:00:00
294,"Gadang Irawan, S.Pt",gadangirawan529@yahoo.com,Bengkulu,2023-12-06 00:00:00
295,Lukman Wastuti,lukman.wastuti682@outlook.com,,2023-01-03 00:00:00
296,Wakiman Haryanti,,Sabang,2025-04-15 00:00:00
297,Omar Yulianti,omar_yulianti875@gmail.co.id,Denpasar,2024-01-18 00:00:00
298,Garan Novitasari,garan_novitasari127@outlook.co.id,Metro,2024-03-24 00:00:00
299,Sutan Wardi Ramadan,sutan_wardi597@yahoo.com,Palembang,2024-05-20 00:00:00
300,Dr. Mulya Waluyo,dr_mulya875@gmail.co.id,Palangkaraya,2022-06-14 00:00:00
301,Mulyono Pangestu,mulyonopangestu638@yahoo.co.id,Pekalongan,2024-09-04 00:00:00
302,Bella Habibi,bellahabibi580@gmail.com,Tasikmalaya,2023-04-26 00:00:00
303,"Atma Dabukke, S.Sos",atmadabukke961@yahoo.co.id,Magelang,2024-07-05 00:00:00
304,"Ir. Raisa Wibowo, S.Ked",irraisa283@gmail.com,Kota Administrasi Jakarta Barat,2023-10-04 00:00:00
305,Liman Andriani,liman.andriani289@@yahoo.co.id,Denpasar,2025-01-07 00:00:00
306,H. Jinawi Mandala,,,2024-07-04 00:00:00
307,"Drs. Cici Kuswoyo, S.Farm",drs_cici16@yahoo.com,Mataram,2024-11-25 00:00:00
308,"Ayu Marpaung, S.Sos",ayu.marpaung589@yahoo.co.id,Pekalongan,2022-10-13 00:00:00
309,Sadina Samosir,sadina_samosir81@yahoo.com,Padang Sidempuan,2022-08-23 00:00:00
310,Oskar Saragih,oskarsaragih658@gmail.com,Kota Administrasi Jakarta Utara,2023-09-09 00:00:00
311,Jarwa Nuraini,jarwa.nuraini774@gmail.co.id,Tanjungpinang,2025-04-27 00:00:00
312,"Cut Sarah Sihombing, S.Farm",cut.sarah395@outlook.com,Sungai Penuh,2024-11-11 00:00:00
313,dr. Aurora Novitasari,dr_aurora359@yahoo.com,Tangerang Selatan,2024-03-29 00:00:00
314,"Kurnia Usada, S.Gz",kurnia_usada329@yahoo.co.id,Kota Administrasi Jakarta Timur,2022-12-13 00:00:00
315,dr. Pangestu Suartini,dr_pangestu805@gmail.co.id,Bukittinggi,2024-08-25 00:00:00
316,"drg. Kasusra Siregar, M.Pd",drgkasusra96@gmail.com,Semarang,2023-10-29 00:00:00
317,Keisha Utami,keisha.utami171@outlook.co.id,Tomohon,2022-05-17 00:00:00
318,Respati Mahendra,respatimahendra60@yahoo.co.id,Sawahlunto,2024-01-27 00:00:00
319,Cut Karimah Wibowo,cut.karimah288@outlook.com,Tanjungbalai,2024-05-14 00:00:00
320,"Dt. Kemba Agustina, S.E.",dtkemba444@outlook.com,Pematangsiantar,2023-03-19 00:00:00
321,"Maimunah Waskita, M.Farm",maimunahwaskita462@outlook.com,Padangpanjang,2025-03-22 00:00:00
322,drg. Jail Manullang,drg_jail230@outlook.co.id,Ternate,2024-09-07 00:00:00
323,"Dr. Cinthia Saragih, M.Farm",drcinthia126@hotmail.com,Palangkaraya,2023-04-07 00:00:00
324,"R. Humaira Nuraini, S.Kom",r_humaira123@hotmail.com,Pekanbaru,2022-05-26 00:00:00
325,KH. Wisnu Tamba,khwisnu704@gmail.co.id,Mataram,2024-04-29 00:00:00
326,Wani Namaga,wani_namaga549@yahoo.co.id,Surakarta,2025-04-01 00:00:00
327,Putri Susanti,putri_susanti56@yahoo.com,Kota Administrasi Jakarta Barat,2024-04-09 00:00:00
328,"Dt. Asmadi Wibisono, S.T.",dt_asmadi623@gmail.com,Kendari,2024-09-17 00:00:00
329,Liman Mustofa,liman.mustofa219@hotmail.com,Tual,2024-10-05 00:00:00
330,Victoria Tamba,victoria.tamba795@yahoo.com,Pariaman,2024-10-29 00:00:00
331,"Rusman Najmudin, S.H.",rusman_najmudin306@hotmail.com,Kediri,2024-08-18 00:00:00
332,Ida Sihombing,ida.sihombing17@outlook.com,Tarakan,2025-04-12 00:00:00
333,"Tgk. Nilam Laksita, S.Pt",tgknilam450@yahoo.com,Sungai Penuh,2023-12-29 00:00:00
334,Aswani Ramadan,aswani.ramadan399@gmail.co.id,Kota Administrasi Jakarta Selatan,2022-12-19 00:00:00
335,R. Luis Nababan,,,2024-01-15 00:00:00
336,Tgk. Vicky Zulkarnain,tgkvicky863@yahoo.co.id,Sabang,2024-04-19 00:00:00
337,Alika Laksita,alika_laksita83@outlook.com,Blitar,2023-12-08 00:00:00
338,"Zizi Nainggolan, S.IP",zizinainggolan53@outlook.com,Bogor,2023-02-22 00:00:00
339,Murti Putra,murti.putra480@gmail.com,Madiun,2024-04-10 00:00:00
340,"R.M. Tasnim Mandasari, S.H.",rm_tasnim599@outlook.com,Palangkaraya,2025-04-13 00:00:00
341,Bagus Rahayu,bagusrahayu424@@yahoo.co.id,Banjarmasin,2024-01-05 00:00:00
342,"Gara Lestari, S.E.I",garalestari437@hotmail.com,Depok,2023-03-16 00:00:00
343,Kamal Marbun,kamal.marbun424@gmail.com,Ternate,2023-10-27 00:00:00
344,Harsaya Mustofa,harsaya_mustofa185@outlook.co.id,Tidore Kepulauan,2025-02-12 00:00:00
345,drg. Uli Simbolon,drguli481@outlook.co.id,Kediri,2025-02-21 00:00:00
346,Yono Haryanto,yonoharyanto951@hotmail.com,Surakarta,2022-07-14 00:00:00
347,H. Yahya Yulianti,h.yahya457@outlook.co.id,Samarinda,2022-06-07 00:00:00
348,Cinthia Mayasari,cinthia.mayasari259@outlook.com,Prabumulih,2022-12-21 00:00:00
349,"Cut Maida Mangunsong, S.E.I",cutmaida420@gmail.co.id,Semarang,2024-05-28 00:00:00
350,Soleh Jailani,soleh.jailani415@outlook.co.id,Kota Administrasi Jakarta Timur,2023-06-11 00:00:00
351,"Puti Siti Wasita, S.E.I",puti_siti773@hotmail.com,Mataram,2024-07-29 00:00:00
352,Cengkal Nurdiyanti,cengkal.nurdiyanti351@outlook.co.id,Batam,2024-06-04 00:00:00
353,R.M. Daliono Putra,rm.daliono88@gmail.co.id,Bogor,2024-08-24 00:00:00
354,Yani Ardianto,yaniardianto126@gmail.co.id,Bau-Bau,2025-03-10 00:00:00
355,KH. Dimaz Maheswara,khdimaz208@outlook.co.id,Padangpanjang,2024-03-05 00:00:00
356,Nadine Wulandari,nadine_wulandari369@yahoo.co.id,Tanjungpinang,2023-08-04 00:00:00
357,Janet Suartini,janetsuartini844@yahoo.com,Kotamobagu,2023-06-08 00:00:00
358,Lutfan Haryanti,lutfan.haryanti115@yahoo.com,Bau-Bau,2023-08-22 00:00:00
359,"Dasa Salahudin, S.Ked",dasa_salahudin212@yahoo.com,Padang Sidempuan,2023-01-09 00:00:00
360,"R.M. Cagak Maulana, S.E.I",rmcagak166@outlook.co.id,Sorong,2025-01-08 00:00:00
361,Tgk. Saiful Utami,tgksaiful87@yahoo.com,Tomohon,2024-12-12 00:00:00
362,Nadia Gunarto,,Kupang,2022-08-07 00:00:00
363,Ir. Intan Rahmawati,irintan788@gmail.co.id,Medan,2022-06-16 00:00:00
364,"Cawisadi Widiastuti, S.Pd",cawisadi_widiastuti707@gmail.co.id,Padangpanjang,2022-08-07 00:00:00
365,Tari Hidayat,tarihidayat660@gmail.co.id,Bogor,2024-02-27 00:00:00
366,Dartono Nugroho,dartono_nugroho894@yahoo.co.id,Serang,2022-07-24 00:00:00
367,"R.M. Bancar Widiastuti, M.Farm",rm_bancar164@outlook.com,Dumai,2024-06-21 00:00:00
368,Elon Laksmiwati,elon.laksmiwati490@outlook.com,Kota Administrasi Jakarta Utara,2024-11-06 00:00:00
369,Laras Simbolon,larassimbolon320@outlook.co.id,Banjarmasin,2022-09-10 00:00:00
370,Lala Hassanah,lala_hassanah615@gmail.com,Cilegon,2024-07-31 00:00:00
371,Patricia Maryadi,patricia_maryadi529@gmail.com,Kota Administrasi Jakarta Barat,2024-11-16 00:00:00
372,"Hj. Siska Prakasa, S.T.",hj_siska482@outlook.com,Magelang,2023-08-30 00:00:00
373,Novi Saefullah,novi.saefullah68@hotmail.com,Pangkalpinang,2023-08-15 00:00:00
374,Michelle Napitupulu,michelle_napitupulu88@yahoo.co.id,Batu,2023-03-18 00:00:00
375,Daliman Zulaika,daliman.zulaika639@gmail.co.id,Tidore Kepulauan,2025-03-01 00:00:00
376,Daru Laksmiwati,darulaksmiwati403@outlook.com,Purwokerto,2023-07-05 00:00:00
377,Artawan Saragih,artawansaragih577@outlook.co.id,Padang,2022-09-14 00:00:00
378,Viktor Simbolon,viktorsimbolon927@gmail.com,Salatiga,2023-09-22 00:00:00
379,Elisa Mandala,elisa_mandala940@outlook.co.id,Pagaralam,2023-03-16 00:00:00
380,"KH. Ilyas Wibowo, S.Farm",khilyas677@yahoo.com,Pontianak,2023-06-14 00:00:00
381,Kezia Prabowo,kezia_prabowo629@outlook.com,Bitung,2023-07-03 00:00:00
382,Sarah Habibi,sarahhabibi164@gmail.com,Sabang,2023-11-30 00:00:00
383,Ana Namaga,ana_namaga115@outlook.co.id,Ternate,2024-05-13 00:00:00
384,Gina Sitompul,gina_sitompul741@gmail.com,Lubuklinggau,2023-04-07 00:00:00
385,"Vinsen Situmorang, M.M.",vinsensitumorang671@yahoo.co,Samarinda,2024-01-21 00:00:00
386,Bakiman Hastuti,bakiman.hastuti263@yahoo.co.id,Singkawang,2024-04-03 00:00:00
387,"Dr. Jumari Waluyo, S.I.Kom",dr_jumari459@gmail.co.id,Bandung,2022-05-18 00:00:00
388,Ella Nainggolan,ellanainggolan634@yahoo.com,Purwokerto,2023-12-30 00:00:00
389,Catur Suartini,catur_suartini391@hotmail.com,Batam,2023-09-03 00:00:00
390,Unggul Januar,unggul_januar428@outlook.co.id,Sukabumi,2025-03-04 00:00:00
391,"Malika Hasanah, S.Pd",malika_hasanah705@gmail.co.id,Singkawang,2023-12-25 00:00:00
392,"Drs. Rachel Megantara, S.Psi",drs.rachel818@yahoo.co.id,Binjai,2023-10-08 00:00:00
393,Rachel Maryadi,rachelmaryadi352@gmail.com,Tarakan,2024-07-25 00:00:00
394,Jumari Mardhiyah,jumari_mardhiyah106@gmail.co.id,Surabaya,2022-11-07 00:00:00
395,Drs. Gawati Mardhiyah,drsgawati405@hotmail.com,Tasikmalaya,2024-09-20 00:00:00
396,Surya Sihotang,surya_sihotang751@outlook.co.id,Pematangsiantar,2025-03-11 00:00:00
397,Tgk. Mursinin Tamba,tgkmursinin997@gmail.co.id,Bukittinggi,2025-01-03 00:00:00
398,Puti Unjani Nurdiyanti,puti.unjani351@gmail.com,Tarakan,2024-12-23 00:00:00
399,Fitriani Lazuardi,fitrianilazuardi689@yahoo.com,Pangkalpinang,2023-03-09 00:00:00
400,"Ir. Vera Simbolon, M.M.",ir_vera327@yahoo.co.id,Batu,2025-03-12 00:00:00
401,Rachel Mansur,rachelmansur688@outlook.com,Kota Administrasi Jakarta Barat,2022-10-19 00:00:00
402,Keisha Kuswoyo,keisha.kuswoyo619@yahoo.co.id,Kotamobagu,2024-01-23 00:00:00
403,"Dt. Radika Pudjiastuti, M.TI.",dt.radika327@gmail.co.id,Padang Sidempuan,2024-02-17 00:00:00
404,"Dr. Marsito Hassanah, M.Kom.",dr_marsito668@outlook.co.id,Tebingtinggi,2023-04-17 00:00:00
405,Ajeng Safitri,,Pasuruan,2022-09-21 00:00:00
406,"drg. Carla Thamrin, S.E.I",drgcarla729@outlook.co.id,Bitung,2024-10-19 00:00:00
407,Enteng Sitompul,entengsitompul711@gmail.co.id,Bontang,2022-10-12 00:00:00
408,Farhunnisa Anggriawan,farhunnisa.anggriawan671@yahoo.co.id,Jayapura,2022-10-08 00:00:00
409,Ir. Ade Budiman,ir_ade530@hotmail.com,Binjai,2022-06-04 00:00:00
410,Anom Prakasa,anom.prakasa381@hotmail.com,Probolinggo,2023-01-09 00:00:00
411,"Novi Prayoga, S.Ked",novi.prayoga983@yahoo.com,Medan,2024-03-21 00:00:00
412,Prakosa Santoso,,Bandung,2023-02-22 00:00:00
413,Cut Laras Purwanti,cut_laras206@yahoo.com,Yogyakarta,2022-06-14 00:00:00
414,Hj. Yuliana Natsir,hj.yuliana168@gmail.com,Tasikmalaya,2023-07-03 00:00:00
415,"KH. Tugiman Mustofa, S.I.Kom",kh_tugiman874@outlook.co.id,Tasikmalaya,2022-07-14 00:00:00
416,Asmianto Mayasari,asmianto.mayasari529@outlook.co.id,Depok,2023-12-24 00:00:00
417,Dr. Simon Kurniawan,drsimon865@yahoo.co.id,Salatiga,2023-07-12 00:00:00
418,"Zamira Oktaviani, S.Pt",zamiraoktaviani48@yahoo.co.id,Tidore Kepulauan,2023-02-06 00:00:00
419,Surya Anggraini,surya_anggraini907@outlook.co.id,Pontianak,2025-03-28 00:00:00
420,"Lili Permata, S.E.I",lilipermata144@gmail.co.id,Singkawang,2025-03-19 00:00:00
421,"Drs. Gina Haryanto, M.M.",drs_gina167@yahoo.com,Bontang,2023-03-01 00:00:00
422,"Drs. Cahya Sihombing, S.Psi",drs.cahya861@yahoo.co.id,Sungai Penuh,2023-07-16 00:00:00
423,"Dr. Damar Maulana, S.Pt",drdamar838@yahoo.com,Madiun,2024-07-27 00:00:00
424,Daryani Usamah,daryaniusamah458@gmail.com,Jambi,2023-11-05 00:00:00
425,Puput Riyanti,puput_riyanti383@yahoo.co.id,Bandung,33-15-2020
426,Eluh Mustofa,eluhmustofa253@outlook.com,Mataram,2022-08-04 00:00:00
427,"Cut Cinthia Mandasari, M.M.",cutcinthia301@outlook.co.id,Samarinda,2024-03-30 00:00:00
428,"Tgk. Tami Astuti, S.I.Kom",tgktami812@outlook.com,Cirebon,2024-09-07 00:00:00
429,Jarwadi Purnawati,jarwadi.purnawati556@yahoo.com,Serang,2024-05-30 00:00:00
430,drg. Laswi Wahyuni,drg_laswi998@outlook.co.id,,2023-02-20 00:00:00
431,Diah Pertiwi,diah_pertiwi935@outlook.co.id,Tomohon,2023-04-24 00:00:00
432,Zaenab Mahendra,zaenab.mahendra386@yahoo.co.id,Langsa,2023-03-12 00:00:00
433,Tantri Mangunsong,tantrimangunsong461@outlook.com,Lhokseumawe,2024-08-28 00:00:00
434,Nurul Yuniar,nurul_yuniar806@outlook.com,,2023-04-23 00:00:00
435,Chandra Susanti,chandrasusanti550@outlook.com,Kupang,2023-12-24 00:00:00
436,"Ajeng Yulianti, M.Farm",ajeng.yulianti846@yahoo.com,Sorong,2024-11-11 00:00:00
437,Lala Damanik,laladamanik151@outlook.co.id,Bontang,2024-01-01 00:00:00
438,"Wisnu Wacana, S.I.Kom",wisnu_wacana63@yahoo.co.id,Kupang,2023-05-25 00:00:00
439,Drajat Anggraini,drajat_anggraini905@hotmail.com,Batu,2024-03-18 00:00:00
440,Dasa Dabukke,dasadabukke966@gmail.com,Bukittinggi,2024-06-25 00:00:00
441,Lintang Permadi,lintangpermadi876@gmail.co,Kota Administrasi Jakarta Timur,2023-02-05 00:00:00
442,Juli Permata,juli.permata301@gmail.com,Jambi,2024-02-13 00:00:00
443,Queen Gunawan,queen.gunawan289@outlook.com,Bima,2022-05-05 00:00:00
444,"Ida Latupono, S.Psi",idalatupono160@outlook.co.id,Kediri,2024-11-10 00:00:00
445,R.M. Reza Mulyani,rm_reza103@yahoo.com,Tangerang,2023-02-26 00:00:00
446,"Dt. Erik Andriani, S.Psi",dt_erik915@hotmail.com,Solok,2024-09-09 00:00:00
447,Gilda Nugroho,,Pasuruan,2023-08-12 00:00:00
448,Darimin Nashiruddin,,Pematangsiantar,2024-07-14 00:00:00
449,Putri Prasetyo,,Tangerang,2025-04-03 00:00:00
450,drg. Hairyanto Pratiwi,drg_hairyanto239@gmail.com,Padang Sidempuan,2023-02-02 00:00:00
451,Raden Nasyiah,raden_nasyiah963@gmail.com,Subulussalam,2024-03-06 00:00:00
452,Kamila Suwarno,,Sungai Penuh,2025-01-20 00:00:00
453,Martani Laksita,martani.laksita150@gmail.com,Surabaya,2024-10-19 00:00:00
454,"R. Carla Siregar, S.E.I",r_carla949@outlook.co.id,Pagaralam,2023-04-08 00:00:00
455,Ulva Usada,ulva_usada722@outlook.co.id,Probolinggo,2024-09-06 00:00:00
456,Gada Gunawan,gada.gunawan787@yahoo.co.id,Bogor,2022-08-27 00:00:00
457,Saadat Oktaviani,saadat_oktaviani469@gmail.co.id,Surakarta,2024-06-16 00:00:00
458,Dalima Novitasari,dalima.novitasari937@gmail.com,Ternate,2022-11-01 00:00:00
459,Cakrawala Nashiruddin,cakrawala.nashiruddin272@yahoo.com,Banjar,2024-04-12 00:00:00
460,Diah Nashiruddin,diah.nashiruddin571@yahoo.co.id,Singkawang,2024-12-25 00:00:00
461,Cawuk Puspasari,,Cilegon,2024-04-01 00:00:00
462,Cindy Maheswara,cindy.maheswara804@hotmail.com,Pekanbaru,2024-08-31 00:00:00
463,Mila Utami,mila.utami318@gmail.com,Sawahlunto,2022-11-23 00:00:00
464,Drs. Budi Manullang,drs.budi254@outlook.com,Tangerang Selatan,2024-09-01 00:00:00
465,"Melinda Kurniawan, S.Pd",,Meulaboh,2024-06-13 00:00:00
466,Ajeng Nugroho,ajeng_nugroho74@gmail.com,Palangkaraya,2024-01-04 00:00:00
467,"R.M. Ajiono Riyanti, M.Ak",rm_ajiono621@gmail.co.id,Tomohon,2022-08-20 00:00:00
468,"drg. Saka Santoso, S.Farm",drg.saka657@gmail.co.id,Kediri,2022-07-28 00:00:00
469,"Soleh Oktaviani, M.Ak",solehoktaviani257@yahoo.co.id,Payakumbuh,2023-07-14 00:00:00
470,Lantar Pangestu,lantar.pangestu308@outlook.com,,2022-10-13 00:00:00
471,Dr. Olga Hasanah,dr.olga639@hotmail.com,Cimahi,2023-12-03 00:00:00
472,Endah Mayasari,endah.mayasari594@outlook.com,Dumai,2024-08-20 00:00:00
473,Nadia Halim,nadia.halim690@yahoo.co.id,Balikpapan,2022-12-16 00:00:00
474,"Lidya Laksmiwati, S.Kom",lidya.laksmiwati546@hotmail.com,Dumai,2022-07-06 00:00:00
475,"KH. Daryani Siregar, M.Kom.",kh.daryani986@gmail.co.id,Bandung,2022-05-18 00:00:00
476,Pandu Prastuti,panduprastuti529@outlook.co.id,Malang,2022-06-17 00:00:00
477,Martaka Hakim,martakahakim577@gmail.com,Bengkulu,2023-08-14 00:00:00
478,Rosman Suryono,rosman_suryono904@outlook.com,Malang,2023-12-14 00:00:00
479,Kenari Prasetya,kenari.prasetya660@outlook.com,Dumai,2025-02-06 00:00:00
480,Yani Haryanto,@@,Lubuklinggau,2023-07-30 00:00:00
481,Karya Kusmawati,karya.kusmawati375@outlook.co.id,Purwokerto,2023-02-17 00:00:00
482,"Drs. Tri Astuti, M.M.",drs.tri363@yahoo.com,Bau-Bau,2022-12-14 00:00:00
483,Nurul Pratiwi,nurulpratiwi682@yahoo.co.id,Payakumbuh,2022-06-26 00:00:00
484,"Ir. Adhiarja Wahyuni, S.Kom",ir.adhiarja800@gmail.co.id,Kota Administrasi Jakarta Selatan,2024-11-11 00:00:00
485,"Sutan Emin Maulana, S.IP",sutanemin784@hotmail.com,Surabaya,2024-07-24 00:00:00
486,dr. Winda Wibisono,dr.winda55@hotmail.com,Payakumbuh,2023-09-23 00:00:00
487,Lantar Prasetyo,lantarprasetyo356@outlook.co.id,Bima,2024-07-20 00:00:00
488,"Dadi Hutagalung, M.Farm",dadihutagalung189@outlook.co.id,Tanjungbalai,2022-12-16 00:00:00
489,"Balidin Megantara, M.TI.",,Prabumulih,2023-11-25 00:00:00
490,H. Lurhur Yuliarti,h_lurhur656@yahoo.com,Tomohon,2024-07-26 00:00:00
491,Vera Mandala,vera.mandala74@yahoo.co.id,Prabumulih,2024-07-16 00:00:00
492,Kemal Permata,kemal_permata47@hotmail.com,Tanjungpinang,2022-05-28 00:00:00
493,Maria Prasasta,,Bukittinggi,2025-02-18 00:00:00
494,Kamaria Nasyidah,kamaria.nasyidah917@gmail.com,Sibolga,2023-01-18 00:00:00
495,"Kiandra Permata, S.T.",kiandra_permata965@hotmail.com,Prabumulih,2023-02-20 00:00:00
496,"Ir. Clara Nasyiah, S.Pd",irclara417@outlook.co.id,Bau-Bau,2023-05-11 00:00:00
497,"Tgk. Lidya Usamah, S.Pt",tgklidya494@hotmail.com,Pariaman,2024-04-27 00:00:00
498,Sakti Maulana,sakti.maulana781@yahoo.co.id,Kota Administrasi Jakarta Selatan,2025-03-09 00:00:00
499,"Luwes Winarsih, S.H.",luwes.winarsih302@hotmail.com,Sungai Penuh,2022-05-11 00:00:00
500,Ir. Kayun Hasanah,ir.kayun896@yahoo.co.id,Blitar,2024-02-08 00:00:00
